

CREATE SCHEMA IF NOT EXISTS spring_jwt;



ALTER SCHEMA spring_jwt OWNER TO postgres;

SET default_tablespace = '';

SET default_table_access_method = heap;

--
-- TOC entry 224 (class 1259 OID 313464)
-- Name: activity_log; Type: TABLE; Schema: spring_jwt; Owner: postgres
--

CREATE TABLE spring_jwt.activity_log (
    id integer NOT NULL,
    duration integer,
    listened_at timestamp(6) without time zone,
    track_id integer,
    user_id integer,
    action character varying(255),
    "timestamp" timestamp(6) without time zone NOT NULL,
    track_length double precision
);


ALTER TABLE spring_jwt.activity_log OWNER TO postgres;

--
-- TOC entry 223 (class 1259 OID 313463)
-- Name: activity_log_id_seq; Type: SEQUENCE; Schema: spring_jwt; Owner: postgres
--

ALTER TABLE spring_jwt.activity_log ALTER COLUMN id ADD GENERATED BY DEFAULT AS IDENTITY (
    SEQUENCE NAME spring_jwt.activity_log_id_seq
    START WITH 1
    INCREMENT BY 1
    NO MINVALUE
    NO MAXVALUE
    CACHE 1
);


--
-- TOC entry 226 (class 1259 OID 321820)
-- Name: favorite; Type: TABLE; Schema: spring_jwt; Owner: postgres
--

CREATE TABLE spring_jwt.favorite (
    id integer NOT NULL,
    track_id integer NOT NULL,
    user_id integer NOT NULL
);


ALTER TABLE spring_jwt.favorite OWNER TO postgres;

--
-- TOC entry 225 (class 1259 OID 321819)
-- Name: favorite_id_seq; Type: SEQUENCE; Schema: spring_jwt; Owner: postgres
--

ALTER TABLE spring_jwt.favorite ALTER COLUMN id ADD GENERATED BY DEFAULT AS IDENTITY (
    SEQUENCE NAME spring_jwt.favorite_id_seq
    START WITH 1
    INCREMENT BY 1
    NO MINVALUE
    NO MAXVALUE
    CACHE 1
);


--
-- TOC entry 228 (class 1259 OID 321826)
-- Name: listening_data; Type: TABLE; Schema: spring_jwt; Owner: postgres
--

CREATE TABLE spring_jwt.listening_data (
    duration integer NOT NULL,
    id integer NOT NULL,
    user_id integer NOT NULL,
    "timestamp" timestamp(6) without time zone NOT NULL,
    artist character varying(255) NOT NULL
);


ALTER TABLE spring_jwt.listening_data OWNER TO postgres;

--
-- TOC entry 227 (class 1259 OID 321825)
-- Name: listening_data_id_seq; Type: SEQUENCE; Schema: spring_jwt; Owner: postgres
--

ALTER TABLE spring_jwt.listening_data ALTER COLUMN id ADD GENERATED BY DEFAULT AS IDENTITY (
    SEQUENCE NAME spring_jwt.listening_data_id_seq
    START WITH 1
    INCREMENT BY 1
    NO MINVALUE
    NO MAXVALUE
    CACHE 1
);


--
-- TOC entry 230 (class 1259 OID 321832)
-- Name: playlist; Type: TABLE; Schema: spring_jwt; Owner: postgres
--

CREATE TABLE spring_jwt.playlist (
    id integer NOT NULL,
    description character varying(255),
    image character varying(255),
    title character varying(255)
);


ALTER TABLE spring_jwt.playlist OWNER TO postgres;

--
-- TOC entry 229 (class 1259 OID 321831)
-- Name: playlist_id_seq; Type: SEQUENCE; Schema: spring_jwt; Owner: postgres
--

ALTER TABLE spring_jwt.playlist ALTER COLUMN id ADD GENERATED BY DEFAULT AS IDENTITY (
    SEQUENCE NAME spring_jwt.playlist_id_seq
    START WITH 1
    INCREMENT BY 1
    NO MINVALUE
    NO MAXVALUE
    CACHE 1
);


--
-- TOC entry 232 (class 1259 OID 321840)
-- Name: token; Type: TABLE; Schema: spring_jwt; Owner: postgres
--

CREATE TABLE spring_jwt.token (
    id integer NOT NULL,
    is_logged_out boolean,
    user_id integer,
    token character varying(255)
);


ALTER TABLE spring_jwt.token OWNER TO postgres;

--
-- TOC entry 231 (class 1259 OID 321839)
-- Name: token_id_seq; Type: SEQUENCE; Schema: spring_jwt; Owner: postgres
--

ALTER TABLE spring_jwt.token ALTER COLUMN id ADD GENERATED BY DEFAULT AS IDENTITY (
    SEQUENCE NAME spring_jwt.token_id_seq
    START WITH 1
    INCREMENT BY 1
    NO MINVALUE
    NO MAXVALUE
    CACHE 1
);


--
-- TOC entry 234 (class 1259 OID 321846)
-- Name: track; Type: TABLE; Schema: spring_jwt; Owner: postgres
--

CREATE TABLE spring_jwt.track (
    id integer NOT NULL,
    length double precision,
    playlist_id integer NOT NULL,
    artist character varying(255),
    image character varying(255),
    location character varying(255),
    lyrics character varying(255),
    title character varying(255)
);


ALTER TABLE spring_jwt.track OWNER TO postgres;

--
-- TOC entry 233 (class 1259 OID 321845)
-- Name: track_id_seq; Type: SEQUENCE; Schema: spring_jwt; Owner: postgres
--

ALTER TABLE spring_jwt.track ALTER COLUMN id ADD GENERATED BY DEFAULT AS IDENTITY (
    SEQUENCE NAME spring_jwt.track_id_seq
    START WITH 1
    INCREMENT BY 1
    NO MINVALUE
    NO MAXVALUE
    CACHE 1
);


--
-- TOC entry 236 (class 1259 OID 321854)
-- Name: user; Type: TABLE; Schema: spring_jwt; Owner: postgres
--

CREATE TABLE spring_jwt."user" (
    id integer NOT NULL,
    first_name character varying(255),
    last_name character varying(255),
    password character varying(255),
    role character varying(255),
    username character varying(255),
    user_image bytea,
    CONSTRAINT user_role_check CHECK (((role)::text = ANY ((ARRAY['USER'::character varying, 'ADMIN'::character varying])::text[])))
);


ALTER TABLE spring_jwt."user" OWNER TO postgres;

--
-- TOC entry 235 (class 1259 OID 321853)
-- Name: user_id_seq; Type: SEQUENCE; Schema: spring_jwt; Owner: postgres
--

ALTER TABLE spring_jwt."user" ALTER COLUMN id ADD GENERATED BY DEFAULT AS IDENTITY (
    SEQUENCE NAME spring_jwt.user_id_seq
    START WITH 1
    INCREMENT BY 1
    NO MINVALUE
    NO MAXVALUE
    CACHE 1
);


--
-- TOC entry 4841 (class 0 OID 313464)
-- Dependencies: 224
-- Data for Name: activity_log; Type: TABLE DATA; Schema: spring_jwt; Owner: postgres
--



--
-- TOC entry 4843 (class 0 OID 321820)
-- Dependencies: 226
-- Data for Name: favorite; Type: TABLE DATA; Schema: spring_jwt; Owner: postgres
--

INSERT INTO spring_jwt.favorite (id, track_id, user_id) VALUES (1, 8, 1);


--
-- TOC entry 4845 (class 0 OID 321826)
-- Dependencies: 228
-- Data for Name: listening_data; Type: TABLE DATA; Schema: spring_jwt; Owner: postgres
--

INSERT INTO spring_jwt.listening_data (duration, id, user_id, "timestamp", artist) VALUES (9, 1, 1, '2024-10-23 14:43:57.852809', 'Stephen');
INSERT INTO spring_jwt.listening_data (duration, id, user_id, "timestamp", artist) VALUES (9, 2, 1, '2024-10-23 14:43:57.874809', 'Stephen');
INSERT INTO spring_jwt.listening_data (duration, id, user_id, "timestamp", artist) VALUES (12, 3, 1, '2024-10-23 14:44:09.887219', 'Champagne Drip & Linnez');
INSERT INTO spring_jwt.listening_data (duration, id, user_id, "timestamp", artist) VALUES (5, 4, 1, '2024-10-23 14:44:14.642746', 'Fox Stevenson');
INSERT INTO spring_jwt.listening_data (duration, id, user_id, "timestamp", artist) VALUES (5, 5, 1, '2024-10-23 14:44:14.665747', 'Fox Stevenson');
INSERT INTO spring_jwt.listening_data (duration, id, user_id, "timestamp", artist) VALUES (4, 6, 1, '2024-10-23 14:44:18.964558', 'Gentlemens Club');
INSERT INTO spring_jwt.listening_data (duration, id, user_id, "timestamp", artist) VALUES (4, 7, 1, '2024-10-23 14:44:18.986557', 'Gentlemens Club');
INSERT INTO spring_jwt.listening_data (duration, id, user_id, "timestamp", artist) VALUES (9, 8, 1, '2024-10-23 14:44:27.975685', 'Death Grips');
INSERT INTO spring_jwt.listening_data (duration, id, user_id, "timestamp", artist) VALUES (9, 9, 1, '2024-10-23 14:44:27.99737', 'Death Grips');


--
-- TOC entry 4847 (class 0 OID 321832)
-- Dependencies: 230
-- Data for Name: playlist; Type: TABLE DATA; Schema: spring_jwt; Owner: postgres
--

INSERT INTO spring_jwt.playlist (id, description, image, title) VALUES (1, 'Relax with these tracks', 'https://i.scdn.co/image/ab67616d0000b27395ce36c00a2f3ed2f6436ebf', 'Chill Vibes');
INSERT INTO spring_jwt.playlist (id, description, image, title) VALUES (2, 'Stay focused with these beats', 'https://i.scdn.co/image/ab67616d0000b2739903dde25dafb8ae0d0d7c34', 'Focus');
INSERT INTO spring_jwt.playlist (id, description, image, title) VALUES (3, 'The best tracks right now', 'https://i.scdn.co/image/ab67616d0000b273674ee85ea544f17b5726c54b', 'Top Hits');
INSERT INTO spring_jwt.playlist (id, description, image, title) VALUES (4, 'Get pumped up', 'https://i0.wp.com/www.muscleandfitness.com/wp-content/uploads/2019/07/Hands-Clapping-Chaulk-Kettlebell.jpg?quality=86&strip=all', 'Workout');


--
-- TOC entry 4849 (class 0 OID 321840)
-- Dependencies: 232
-- Data for Name: token; Type: TABLE DATA; Schema: spring_jwt; Owner: postgres
--

INSERT INTO spring_jwt.token (id, is_logged_out, user_id, token) VALUES (1, false, 1, 'eyJhbGciOiJIUzM4NCJ9.eyJzdWIiOiJlcmlrZXIiLCJVc2VySWQiOjEsImlhdCI6MTcyOTY4NzQyNCwiZXhwIjoxNzI5NzczODI0fQ.tNqQDxI-t2DX-EjJwbGoT53dstcKYKQ9luPqYSJ96GDFZWlwnlDKIn5pQ_osoFFf');


--
-- TOC entry 4851 (class 0 OID 321846)
-- Dependencies: 234
-- Data for Name: track; Type: TABLE DATA; Schema: spring_jwt; Owner: postgres
--

INSERT INTO spring_jwt.track (id, length, playlist_id, artist, image, location, lyrics, title) VALUES (1, 198, 1, 'Fox Stevenson', 'Music/Chill Vibes/Fox Stevenson - Ether.jpg', 'Music/Chill Vibes/Fox Stevenson - Ether.mp3', NULL, 'Ether');
INSERT INTO spring_jwt.track (id, length, playlist_id, artist, image, location, lyrics, title) VALUES (2, 232, 1, 'Geoxor', 'Music/Chill Vibes/Geoxor - I Like You.jpg', 'Music/Chill Vibes/Geoxor - I Like You.mp3', NULL, 'I Like You');
INSERT INTO spring_jwt.track (id, length, playlist_id, artist, image, location, lyrics, title) VALUES (3, 169, 1, 'Stephen', 'Music/Chill Vibes/Stephen - Stray Nights.jpg', 'Music/Chill Vibes/Stephen - Stray Nights.mp3', NULL, 'Stray Nights');
INSERT INTO spring_jwt.track (id, length, playlist_id, artist, image, location, lyrics, title) VALUES (4, 209, 2, 'Champagne Drip & Linnez', 'Music/Focus/Champagne Drip & Linnez - In My Dreamz.jpg', 'Music/Focus/Champagne Drip & Linnez - In My Dreamz.mp3', NULL, 'In My Dreamz');
INSERT INTO spring_jwt.track (id, length, playlist_id, artist, image, location, lyrics, title) VALUES (5, 253, 2, 'juuku', 'Music/Focus/juuku - late hour.jpg', 'Music/Focus/juuku - late hour.mp3', NULL, 'late hour');
INSERT INTO spring_jwt.track (id, length, playlist_id, artist, image, location, lyrics, title) VALUES (6, 262, 2, 'nenji', 'Music/Focus/nenji - Tsuki ga Kirei.jpg', 'Music/Focus/nenji - Tsuki ga Kirei.mp3', NULL, 'Tsuki ga Kirei');
INSERT INTO spring_jwt.track (id, length, playlist_id, artist, image, location, lyrics, title) VALUES (7, 160, 3, 'Artemas', 'Music/Top Hits/Artemas - I Like The Way You Kiss Me (Culture Shock''s D&B Flip).jpg', 'Music/Top Hits/Artemas - I Like The Way You Kiss Me (Culture Shock''s D&B Flip).mp3', NULL, 'I Like The Way You Kiss Me (Culture Shock''s D&B Flip)');
INSERT INTO spring_jwt.track (id, length, playlist_id, artist, image, location, lyrics, title) VALUES (8, 180, 3, 'Fox Stevenson', 'Music/Top Hits/Fox Stevenson - All Eyes On Me.jpg', 'Music/Top Hits/Fox Stevenson - All Eyes On Me.mp3', NULL, 'All Eyes On Me');
INSERT INTO spring_jwt.track (id, length, playlist_id, artist, image, location, lyrics, title) VALUES (9, 273, 3, 'Gentlemens Club', 'Music/Top Hits/Gentlemens Club - What You Want.jpg', 'Music/Top Hits/Gentlemens Club - What You Want.mp3', NULL, 'What You Want');
INSERT INTO spring_jwt.track (id, length, playlist_id, artist, image, location, lyrics, title) VALUES (10, 317, 4, 'Death Grips', 'Music/Workout/Death Grips - Up My Sleeves.jpg', 'Music/Workout/Death Grips - Up My Sleeves.mp3', NULL, 'Up My Sleeves');
INSERT INTO spring_jwt.track (id, length, playlist_id, artist, image, location, lyrics, title) VALUES (11, 303, 4, 'NIMDA', 'Music/Workout/NIMDA - ETERNAL.jpg', 'Music/Workout/NIMDA - ETERNAL.mp3', NULL, 'ETERNAL');
INSERT INTO spring_jwt.track (id, length, playlist_id, artist, image, location, lyrics, title) VALUES (12, 219, 4, 'Nimda', 'Music/Workout/Nimda - Admin (VIP Edit).jpg', 'Music/Workout/Nimda - Admin (VIP Edit).mp3', NULL, 'Admin (VIP Edit)');
INSERT INTO spring_jwt.track (id, length, playlist_id, artist, image, location, lyrics, title) VALUES (13, 302, 4, 'Slipknot', 'Music/Workout/Slipknot - Psychosocial.jpg', 'Music/Workout/Slipknot - Psychosocial.mp3', NULL, 'Psychosocial');


--
-- TOC entry 4853 (class 0 OID 321854)
-- Dependencies: 236
-- Data for Name: user; Type: TABLE DATA; Schema: spring_jwt; Owner: postgres
--

INSERT INTO spring_jwt."user" (id, first_name, last_name, password, role, username, user_image) VALUES (1, 'asd', 'asd', '$2a$10$BzqPUUMecNEUwUbf6nQFR.FvXU4l8JNrwuXitG/PR6Nh0JNFUMgzK', 'USER', 'eriker', '\xffd8ffe000104a46494600010101012c012c0000ffe1009145786966000049492a000800000003000e01020047000000320000001a01050001000000790000001b01050001000000810000000000000044656661756c742070726f66696c6520706963747572652c206176617461722c2070686f746f20706c616365686f6c6465722e20566563746f7220696c6c757374726174696f6e2c010000010000002c01000001000000ffe105c7687474703a2f2f6e732e61646f62652e636f6d2f7861702f312e302f003c3f787061636b657420626567696e3d22efbbbf222069643d2257354d304d7043656869487a7265537a4e54637a6b633964223f3e0a3c783a786d706d65746120786d6c6e733a783d2261646f62653a6e733a6d6574612f223e0a093c7264663a52444620786d6c6e733a7264663d22687474703a2f2f7777772e77332e6f72672f313939392f30322f32322d7264662d73796e7461782d6e7323223e0a09093c7264663a4465736372697074696f6e207264663a61626f75743d222220786d6c6e733a70686f746f73686f703d22687474703a2f2f6e732e61646f62652e636f6d2f70686f746f73686f702f312e302f2220786d6c6e733a4970746334786d70436f72653d22687474703a2f2f697074632e6f72672f7374642f4970746334786d70436f72652f312e302f786d6c6e732f22202020786d6c6e733a4765747479496d61676573474946543d22687474703a2f2f786d702e6765747479696d616765732e636f6d2f676966742f312e302f2220786d6c6e733a64633d22687474703a2f2f7075726c2e6f72672f64632f656c656d656e74732f312e312f2220786d6c6e733a706c75733d22687474703a2f2f6e732e757365706c75732e6f72672f6c64662f786d702f312e302f222020786d6c6e733a697074634578743d22687474703a2f2f697074632e6f72672f7374642f4970746334786d704578742f323030382d30322d32392f2220786d6c6e733a786d705269676874733d22687474703a2f2f6e732e61646f62652e636f6d2f7861702f312e302f7269676874732f222070686f746f73686f703a4372656469743d22476574747920496d616765732f6953746f636b70686f746f22204765747479496d61676573474946543a417373657449443d22313232333637313339322220786d705269676874733a57656253746174656d656e743d2268747470733a2f2f7777772e6973746f636b70686f746f2e636f6d2f6c6567616c2f6c6963656e73652d61677265656d656e743f75746d5f6d656469756d3d6f7267616e696326616d703b75746d5f736f757263653d676f6f676c6526616d703b75746d5f63616d706169676e3d6970746375726c2220706c75733a446174614d696e696e673d22687474703a2f2f6e732e757365706c75732e6f72672f6c64662f766f6361622f444d492d50524f484942495445442d455843455054534541524348454e47494e45494e444558494e4722203e0a3c64633a63726561746f723e3c7264663a5365713e3c7264663a6c693e63756d6163726561746976653c2f7264663a6c693e3c2f7264663a5365713e3c2f64633a63726561746f723e3c64633a6465736372697074696f6e3e3c7264663a416c743e3c7264663a6c6920786d6c3a6c616e673d22782d64656661756c74223e44656661756c742070726f66696c6520706963747572652c206176617461722c2070686f746f20706c616365686f6c6465722e20566563746f7220696c6c757374726174696f6e3c2f7264663a6c693e3c2f7264663a416c743e3c2f64633a6465736372697074696f6e3e0a3c706c75733a4c6963656e736f723e3c7264663a5365713e3c7264663a6c69207264663a7061727365547970653d275265736f75726365273e3c706c75733a4c6963656e736f7255524c3e68747470733a2f2f7777772e6973746f636b70686f746f2e636f6d2f70686f746f2f6c6963656e73652d676d313232333637313339322d3f75746d5f6d656469756d3d6f7267616e696326616d703b75746d5f736f757263653d676f6f676c6526616d703b75746d5f63616d706169676e3d6970746375726c3c2f706c75733a4c6963656e736f7255524c3e3c2f7264663a6c693e3c2f7264663a5365713e3c2f706c75733a4c6963656e736f723e0a09093c2f7264663a4465736372697074696f6e3e0a093c2f7264663a5244463e0a3c2f783a786d706d6574613e0a3c3f787061636b657420656e643d2277223f3e0affed009650686f746f73686f7020332e30003842494d040400000000007a1c0250000c63756d6163726561746976651c0278004744656661756c742070726f66696c6520706963747572652c206176617461722c2070686f746f20706c616365686f6c6465722e20566563746f7220696c6c757374726174696f6e1c026e0018476574747920496d616765732f6953746f636b70686f746fffdb0043000a07070807060a0808080b0a0a0b0e18100e0d0d0e1d15161118231f2524221f2221262b372f26293429212230413134393b3e3e3e252e4449433c48373d3e3bffdb0043010a0b0b0e0d0e1c10101c3b2822283b3b3b3b3b3b3b3b3b3b3b3b3b3b3b3b3b3b3b3b3b3b3b3b3b3b3b3b3b3b3b3b3b3b3b3b3b3b3b3b3b3b3b3b3b3b3b3b3b3bffc20011080264026403012200021101031101ffc4001a000100030101010000000000000000000000030405020106ffc4001501010100000000000000000000000000000001ffda000c03010002100310000001fb200000000000000000000000000000000000000000000000000000000000000000000000000000000000000000000000000000000000000000000000000000000000000000000000000000000000000000000000000000000000000000000000000000001cd52e739911a9ce69347dcd1ad262fabb2ceb64c000000000000000000000000000000000000000000000001562a875c88000000058bf91d9ae8a5500000000000000000000000000000000000000000001427cd0100000000000eb53265354280000000000000000000000000000000000000000f3da654e0400000000000002f5cc7d75f40000000000000000000000000000000000000000c9d1ca010000000000000068e758348280000000000000000000000000000000000000054a16aaa0000000000000003ae46d38ed40000000000000000000000000000000000000033209a14000000000000000035268275000000000000000000000000000000000000000cb8678100000000000000000d39e1994000000000000000000000000000000000000002854d0cf40000000000000001d9abd0a0000000000000000000000000000000000000011e4ed6511040000000000000166b6916028000000000000000000000000000000000000002adaf0c6491a00000000000001debd5b4a0000000000000000000000000000000000000000010666d532884000000000013c7aa74140000000000000000000000000000000000000000000a7476a033124680000000249ef2f3d800000000000000000000000000000000000000000000000ad6466c1b2315afc994d4e8c99357d28da90000000000000000000000000000000000000000000000000000000000000000000000000000000000000000000000000000003c3d56aa69419de1723ae4979e074e474e474e474e474e474e475ef026eeb0bd3658da63d85d04330000000000000000000000000000000000f20a05ba9c1000000000000000000000134234ac62ceba68e400000000000000000000000000007075422880400000000000000000000000003dbd406d33f414000000000000000000000000787399ec48000000000000000000000000000000b15c6d285f50000000000000000000000142d65008000000000000000000000000000000034b37b35c280000000000000000000067d5eb94000000000000000000000000000000000034ac50bea00000000000000000002392b19c1000000000000000000000000000000000009b531b654000000000000000000051bd9a5708000000000000000000000000000000000035f234d6700000000000000000003275b18f0200000000000000000000000000000000000d0cfba5d0a000000000000000001ce3eb6480800000000000000000000000000000000002d55b06905000000000000000000872f4f3004000000000000000000000000000000000013c131a8140000000000000000020ccd4cb01000000000000000000000000000000000004d0ce6985000000000000000000e3236b1ce4200000000000000000000000000000000000b556f96c2800000000000000000285ff0c64f0200000000000000000000000000000000000d7ad71400000000000000000000146f0c6f35692570000000000000000000000000000002522bd34ca00000000000000000000000004553406379b3019ab3027200000000000000000000003ab254934265ab68000000000000000000000000000000008e0b633e2d518de6d706434f84cf5de4a8b3c9026f089208d288937a40b3d1517bb339ab22e4cda229cf28000000000000000000000000000000000000000000000000000000000000000000000000000000000000000000000000000000000000000000000000000000000000000000000000000000000000000000000000000000000000000000000000000000000000000000000000000000000000000000000000000000000000ffc40029100002020104010304020300000000000001020003501112134033042132142230602031708090ffda0008010100010502ff007c4b01395273a4e749cc93910fe8a4811af86c63fcc1222dcc22daadfa0bdda424b7e44b4ac560c33b65bafe7562a51c38cddb66bd104a946de3336bed1d2adf636609d0336e6e9d0f98bdbdba8a7691ee32ce773f5686d572b61d13ad49d1f2bea0fb7581d1b2b7fcfae9ee994bbc9d7abc794b7c9d7a7c794b7c9d7a7c794bbc9d7abc794bfe5d75f65ca5e3edeb28d5b2ae354eb50357cb58bb5fab4ae8996bd751d455dcd9875dadd3a534198b537af4aa4ded9ab6be8aa972aa1466ecabf3a2172aa10675ea0f190afe44a4980003f406a14c34b89a11fc82318b445455fd1b62ce249c4938d26807f9649021b9043ea2733ce479b9a6e33719b8cdc66e33719b8cdc66e33719b8cdc66e337b4e579ced07a882d43946bd443731ec86222de62daad8ed748d7c2c5bbcb632c5b95b16f6858cc5b0496b2c570f872740f71385fea5776b85660a1dcb9c3d76edc1b3050cc5ce26bb36e049d03bef38ba6cd30173ea71b4bee1ddb1b6ae391b6b776f6d5b1f49d53b84ea71f41fbbb6e744c85474b3b779fb3203d8f6fd41c927ba76aef26469f1f6acf7b32347c7b47fbc8fa7ed37c72547cfb3678f254793b36f8f254f93b3778f255793b3778f255793b36f8f254f93b2fee992a3e7da61a3647d38f6ed5ebef9145dabda23516565321557de7a71d5d3806ad5e352cb8a542f12b09836ad5a35044208c2aa3345a00c3e9ac34a9868610a91df0a4c1418b52ae34d6a61a04343435b8eb8463050f07a71056832bb14ce149c0b3e9e7d3b4e079c2f389e71bce379c6f38de71bce279c2f381a7d399f4f38167124d00ff86fffc400141101000000000000000000000000000000a0ffda0008010301013f013e3fffc400141101000000000000000000000000000000a0ffda0008010201013f013e3fffc4002a10000103030303040203010000000000000100215011314032516002124110223061207170809091ffda0008010100063f02fef8b957f4f3e9ab82baf6857fcd8a775b701a74dd3fc9b85513d4e9b7cf513bda306a1566a82e786555713b663b716aab2e4e35369638ff00b96031c1e1c254e40953c34f0d39025464095071c096231ebb4b9c6fdcbf76d8b499a62776f33f787f537dc30681504e57a7e765413db14ff27b950701665ba7fc982f714c383690b4ad2b4ab7f2cb95ba61e9a96a2ae55cab9572ae55cab9572ae55cab9572ae56a2b52f09c2bca33adb258a77578ff6a739fb45b394f05b84d0eea82d0d4ea85a989a1b41d4aa98aa1b40d637b4da03b44753c8ceac7d73a9b487eb349902330c88e520490e1a32cc91e1a728c99ca3c34c98ca326328c98ca326328f0e22489cbee92032e857d48771ceaf4ffc8eaf5403ade2997dc1d933a785609de1dd332674e33d8276568db2629969c7b15b272ad2ba42b2b95a95c2f0acb4ad2b495a4ad256956565e15d6a5e5595bfc37fffc4002d100001020503030303050100000000000001001121314050514161716081f110309120b1f0708090a1d1e1ffda0008010100013f21fdf8c891dd11ff00cae4f85f8021988ec8480204197420d72608327372a767dbeb980385861421dd83d022d6648e3939f720e50e22fd3f72cfbee2143103a8be3e761a9a1199882cbb8e8dd0239a6a8170e2f0031482210f5a4703f495e1b00d62694a10d1100048fe81e023ba9e1b7672434fb406ec6e0302a09ced7527a88dfa3772f9e8d72eea0d51035d718d91502cb02eaf601a7dcc376e38a7e10bbb03498a68d6b15dd94274a6ac900c185dc80431914537c292369de52492547349277b7e0f228b201df07e1723df6049a9bfe48d7711383bfb73514806130861d0040218c544222940ec464047d53751706c17dd4e859a259fc0b65e88034212803b7eacc941ca9213c113fd5136a0701126a5e617965e597965e597965e597965e597965e597965e597964cff00a200d4806609035470b03e54ee44801c9659014acb364493125ea266041ca1244c3836e200e4b0421007dca34ef574b4b8c1508316f6b83a05dcac501ec143a28e2ce070982d25fbaca0927058a0684e6cae2145101a0b41f53f620410e256399f1905a8e7e0a0410e2c002148233ba682d8e5c8a5b5831809dba2aae1df5696f2090170e2b761dc10fe15bbd86e0d660ac79ed71fe8358c3726e24c9c1ac89deb9139daacdf80b913ed55939dee470b06ac9c8e6e452d5131302e67036aa26e1b9fd8fd80f4bae2fd1ba063b5cc5c8e055ec41b9724855b201233b8ceb0c0180e0a28f3cae0dc3e0569008629b488681b64d359f416094239518106d6a3d0432a2d3cac7318b214ca845808b2e14ca8d4640340598803002b5e705a412660af99851f384cb0ef6d998f645cc0829815342ec8822608a6907c4889b725a84f0a5a3dee8ce8cf7c08930ee8e9011c3fa23a083e42fc47d16f3d03c07a06f3d3fe62865f921aa2806a5f08066e401a7ba12803b7f06fffda000c03010002000300000010f3cf3cf3cf3cf3cf3cf3cf3cf3cf3cf3cf3cf3cf3cf3cf3cf3cf3cf3cf3cf3cf3cf3cf3cf3cf3cf3cf3cf3cf3cf3cf3cf3cf3cf3cf3cf3cf3cf3cf3cf3cf3cf3cf3cf3cf3cf3cf3cf3cf3cf3cf3cf3cf3cf3cf3cf3cf3cf3cf3cf3cf3cf3cf3cf3cf3cf3890ffccc3cf3cf3cf3cf3cf3cf3cf3cf3cf3cf3cf3cf3cf3cf3cf3ce347fff00ff00ff00f6fcf3cf3cf3cf3cf3cf3cf3cf3cf3cf3cf3cf3cf3cf3cf34fff00ff00ff00ff00ff00ff00f4f3cf3cf3cf3cf3cf3cf3cf3cf3cf3cf3cf3cf3cf2c7fff00ff00ff00ff00ff00ff00ff003cf3cf3cf3cf3cf3cf3cf3cf3cf3cf3cf3cf3cf3cb3fff00ff00ff00ff00ff00ff00feff003cf3cf3cf3cf3cf3cf3cf3cf3cf3cf3cf3cf3cf1ff00ff00ff00ff00ff00ff00ff00ff00bfcf3cf3cf3cf3cf3cf3cf3cf3cf3cf3cf3cf3cf3cdfff00ff00ff00ff00ff00ff00ff00ff00d3cf3cf3cf3cf3cf3cf3cf3cf3cf3cf3cf3cf3cf1fff00ff00ff00ff00ff00ff00ff00ff00dcf3cf3cf3cf3cf3cf3cf3cf3cf3cf3cf3cf3cf3c5ff00ff00ff00ff00ff00ff00ff00ff00b73cf3cf3cf3cf3cf3cf3cf3cf3cf3cf3cf3cf3cf38fff00ff00ff00ff00ff00ff00ff00efcf3cf3cf3cf3cf3cf3cf3cf3cf3cf3cf3cf3cf3cb37fff00ff00ff00ff00ff00ff00ecf3cf3cf3cf3cf3cf3cf3cf3cf3cf3cf3cf3cf3cf3cf3ff00ff00ff00ff00ff00feb73cf3cf3cf3cf3cf3cf3cf3cf3cf3cf3cf3cf3cf3cf3c737fff00ff00ff00f273cf3cf3cf3cf3cf3cf3cf3cf3cf3cf3cf3cf3cf3cf3cf3c318c38d1cf3cf3cf3cf3cf3cf3cf3cf3cf3cf3cf3cf3cf3cf3cf3cf3cf3cf3cf3cf3cf3cf3cf3cf3cf3cf3cf3cf3cf3cf3cf3cf3cf3cf3cf14bcff00ff00ff00ff00ff00fdff00dcf3cf3cf3cf3cf3cf3cf3cf3cf3cf3cf3cf3cbfff00ff00ff00ff00ff00ff00ff00ff00ff00ff00efe34f3cf3cf3cf3cf3cf3cf3cf3cf3cf24fff00ff00ff00ff00ff00ff00ff00ff00ff00ff00ff00ff00ff003f0f3cf3cf3cf3cf3cf3cf3cf3cf27ff00ff00ff00ff00ff00ff00ff00ff00ff00ff00ff00ff00ff00ff00ff00bd4f3cf3cf3cf3cf3cf3cf3cf2cfff00ff00ff00ff00ff00ff00ff00ff00ff00ff00ff00ff00ff00ff00ff00ff00bf4f3cf3cf3cf3cf3cf3cf385fff00ff00ff00ff00ff00ff00ff00ff00ff00ff00ff00ff00ff00ff00ff00ff00ff0053cf3cf3cf3cf3cf3cf3cf3fff00ff00ff00ff00ff00ff00ff00ff00ff00ff00ff00ff00ff00ff00ff00ff00ff00d8f3cf3cf3cf3cf3cf3cf3cfff00ff00ff00ff00ff00ff00ff00ff00ff00ff00ff00ff00ff00ff00ff00ff00ff00ff003cf3cf3cf3cf3cf3cf3cf3ff00ff00ff00ff00ff00ff00ff00ff00ff00ff00ff00ff00ff00ff00ff00ff00ff00febf3cf3cf3cf3cf3cf3cf34ff00ff00ff00ff00ff00ff00ff00ff00ff00ff00ff00ff00ff00ff00ff00ff00ff00ff00ff00cf3cf3cf3cf3cf3cf3cf3fff00ff00ff00ff00ff00ff00ff00ff00ff00ff00ff00ff00ff00ff00ff00ff00ff00eff3cf3cf3cf3cf3cf3cf3cfff00ff00ff00ff00ff00ff00ff00ff00ff00ff00ff00ff00ff00ff00ff00ff00ff00ff00fcf3cf3cf3cf3cf3cf3c53ff00ff00ff00ff00ff00ff00ff00ff00ff00ff00ff00ff00ff00ff00ff00ff00ff00febf3cf3cf3cf3cf3cf3cf38dfff00ff00ff00ff00ff00ff00ff00ff00ff00ff00ff00ff00ff00ff00ff00ff00ff0093cf3cf3cf3cf3cf3cf3cf1c6fff00ff00ff00ff00ff00ff00ff00ff00ff00ff00ff00ff00ff00ff00ff00bf3cf3cf3cf3cf3cf3cf3cf3cf3cf38fff00ff00ff00ff00ff00ff00ff00ff00ff00ff00ff00fef4b3cf3cf3cf3cf3cf3cf3cf3cf3cf3cf2c73c433ef7cffdff00ff00fc2cb1cf3cf3cf3cf3cf3cf3cf3cf3cf3cf3cf3cf3cf3cf3cf3cf3cf3cf3cf3cf3cf3cf3cf3cf3cf3cf3cf3cf3cf3cf3cf3cf3cf3cf3cf3cf3cf3cf3cf3cf3cf3cf3cf3cf3cf3cf3cf3cf3cf3cf3cf3cf3cf3cf3cf3cf3cf3cf3cf3cf3cf3cf3cf3cf3cf3cf3cf3cf3cf3cf3cf3cf3cf3cf3cf3cf3cf3cf3cf3cf3cf3cf3cf3cf3ffc400141101000000000000000000000000000000a0ffda0008010301013f103e3fffc400141101000000000000000000000000000000a0ffda0008010201013f103e3fffc4002e1001000101070303030500030000000000011100213141505161714091a181b1f1c1d1f010203060e1708090ffda0008010100013f10ff00be3e5c856bae134862ff004426fe62af7c2c7bd01284d47fa243fef51a7f11c2b039a583f7ab28ee8a8521bd63dea1ed1fc27fa0cfc18d80fbd2d7ee7f2343ba0de70d5ac4626267aa04ac0532625c47e2cfe71b09c746a5761f433c98b26eb1dba174a079a1b62dda0e756d561d8e8c1df761d4a0249124738626025abe555da1d24cadb6b8e99c486b7b0c3a5bc394f34a048499baccd8b071874d22db5d9c39b45eda907ad9d3c4b6c09f5cda1d78be9f3d3c5180d0c939afe66cbd46e89f6cd78001e3a8e00279cd54f27d3a85dd7be6a6390f6ea046eafbe6b30d41f1d4443517ce6b1ec5ecff00bd46c9a78cd634d2eff1d3ed9066d1716b2393a79145927ab9bd96da7d07a6b465af6619bc48c078e9587c56ba18d010401019bb329084a66dd7ad4e926474b6339b40e3eeda9114484e892418eb5da80082c0ceadf6ec2c77e84c072e014414063aef9e4e6dd78e3c52230909fcd0e205e5c50c0e5c573e943c22fe6a3ce180b9fe305002adc15193f7cfda8c002e0fe808800de254cabb569daad511abfa5390a6e47edbeaf966a9079a5c22391a22c8755aff0045404209bd5fa3d14a7dc6b69ddab93d526bc5703fe590a41dd156621b3ef49bb3753575fe531abd3d36297bd3d75f38af9c57ce2be715f38af9c57ce2be715f38af9c57ce2be715f3ca2e9ddd5ce9c835e7848a6f7c535660169668412226a664a840bd58a930bb561dea681d2fbe91909c57a86678d6a0c1352c6a2492d9cb9a982f56a7a53d2ed53a1b303ae863d542a2576ee3eb95ce45a05c7353f6e8606450b2f01c54d2c17abcc9d3102f5a999719c72519705c9508c606179c95fc230316a7ca1b9b8ca101dc171ff14090512263912a6b0b8c574a70967a019513454dbf5502411244c72044602569fab0d9a06590b6a2d38b20b4ab7f53975a7cf90d7ae8b2f59ca9555595cb80f70da6a501248923d6c486c2de5cc211b6becc3ac5815b8a65311cc34824edf3d673683d6ccc665abe5d64569cfae6319e034324f57c505665ba27ab9f348fafd732f560f3d5f294ed66653fe463aab8adcc2e656dc6fbf55b9cbe3338b51f59d54877999a826a8ea94711ee666a37e7d9eabce3dcccfca7d9eabce3dcccfca7d9eabd043e4ccccec0be3aadd57ed99eeb3ee75492434a8e219942bc40f4f9ead8560ec73105004ad815aca16f38f571c01095034adda39cc1d109bdbdfad4402378d3cad4c711c5224112f1cb01400ab70549026f68f390117184df5363be2d3d32abb8e27714440d67f4c8e798b80d4b24746c6a505d123257ad372c2a0576b0a000005c1934589a24d5bb27749daad643b58d3b1ce9d7bf1c69655b62685ad413cab7575d95a09092563db5b1ed5e79ed2bec4ed5e07bbda97863723a5beaf3dbdcab845bbed44b7681157a075b5400404199a04209bd5f03b2aee5c152bca435feaffba05eb9928174b8a2585e05258bb948fd9af82fd09f1543d2263f54a1301c8a5de1cafb522e7c0b58b9c42afe723575b77578aa87fe1bff00ffd9');


--
-- TOC entry 4861 (class 0 OID 0)
-- Dependencies: 223
-- Name: activity_log_id_seq; Type: SEQUENCE SET; Schema: spring_jwt; Owner: postgres
--

SELECT pg_catalog.setval('spring_jwt.activity_log_id_seq', 1, false);


--
-- TOC entry 4862 (class 0 OID 0)
-- Dependencies: 225
-- Name: favorite_id_seq; Type: SEQUENCE SET; Schema: spring_jwt; Owner: postgres
--

SELECT pg_catalog.setval('spring_jwt.favorite_id_seq', 1, true);


--
-- TOC entry 4863 (class 0 OID 0)
-- Dependencies: 227
-- Name: listening_data_id_seq; Type: SEQUENCE SET; Schema: spring_jwt; Owner: postgres
--

SELECT pg_catalog.setval('spring_jwt.listening_data_id_seq', 9, true);


--
-- TOC entry 4864 (class 0 OID 0)
-- Dependencies: 229
-- Name: playlist_id_seq; Type: SEQUENCE SET; Schema: spring_jwt; Owner: postgres
--

SELECT pg_catalog.setval('spring_jwt.playlist_id_seq', 4, true);


--
-- TOC entry 4865 (class 0 OID 0)
-- Dependencies: 231
-- Name: token_id_seq; Type: SEQUENCE SET; Schema: spring_jwt; Owner: postgres
--

SELECT pg_catalog.setval('spring_jwt.token_id_seq', 1, true);


--
-- TOC entry 4866 (class 0 OID 0)
-- Dependencies: 233
-- Name: track_id_seq; Type: SEQUENCE SET; Schema: spring_jwt; Owner: postgres
--

SELECT pg_catalog.setval('spring_jwt.track_id_seq', 13, true);


--
-- TOC entry 4867 (class 0 OID 0)
-- Dependencies: 235
-- Name: user_id_seq; Type: SEQUENCE SET; Schema: spring_jwt; Owner: postgres
--

SELECT pg_catalog.setval('spring_jwt.user_id_seq', 1, true);


--
-- TOC entry 4680 (class 2606 OID 313468)
-- Name: activity_log activity_log_pkey; Type: CONSTRAINT; Schema: spring_jwt; Owner: postgres
--

ALTER TABLE ONLY spring_jwt.activity_log
    ADD CONSTRAINT activity_log_pkey PRIMARY KEY (id);


--
-- TOC entry 4682 (class 2606 OID 321824)
-- Name: favorite favorite_pkey; Type: CONSTRAINT; Schema: spring_jwt; Owner: postgres
--

ALTER TABLE ONLY spring_jwt.favorite
    ADD CONSTRAINT favorite_pkey PRIMARY KEY (id);


--
-- TOC entry 4684 (class 2606 OID 321830)
-- Name: listening_data listening_data_pkey; Type: CONSTRAINT; Schema: spring_jwt; Owner: postgres
--

ALTER TABLE ONLY spring_jwt.listening_data
    ADD CONSTRAINT listening_data_pkey PRIMARY KEY (id);


--
-- TOC entry 4686 (class 2606 OID 321838)
-- Name: playlist playlist_pkey; Type: CONSTRAINT; Schema: spring_jwt; Owner: postgres
--

ALTER TABLE ONLY spring_jwt.playlist
    ADD CONSTRAINT playlist_pkey PRIMARY KEY (id);


--
-- TOC entry 4688 (class 2606 OID 321844)
-- Name: token token_pkey; Type: CONSTRAINT; Schema: spring_jwt; Owner: postgres
--

ALTER TABLE ONLY spring_jwt.token
    ADD CONSTRAINT token_pkey PRIMARY KEY (id);


--
-- TOC entry 4690 (class 2606 OID 321852)
-- Name: track track_pkey; Type: CONSTRAINT; Schema: spring_jwt; Owner: postgres
--

ALTER TABLE ONLY spring_jwt.track
    ADD CONSTRAINT track_pkey PRIMARY KEY (id);


--
-- TOC entry 4692 (class 2606 OID 321861)
-- Name: user user_pkey; Type: CONSTRAINT; Schema: spring_jwt; Owner: postgres
--

ALTER TABLE ONLY spring_jwt."user"
    ADD CONSTRAINT user_pkey PRIMARY KEY (id);


--
-- TOC entry 4693 (class 2606 OID 321862)
-- Name: favorite fk7l90mjil0eoi2kdn8tl0no0d; Type: FK CONSTRAINT; Schema: spring_jwt; Owner: postgres
--

ALTER TABLE ONLY spring_jwt.favorite
    ADD CONSTRAINT fk7l90mjil0eoi2kdn8tl0no0d FOREIGN KEY (track_id) REFERENCES spring_jwt.track(id);


--
-- TOC entry 4695 (class 2606 OID 321872)
-- Name: token fke32ek7ixanakfqsdaokm4q9y2; Type: FK CONSTRAINT; Schema: spring_jwt; Owner: postgres
--

ALTER TABLE ONLY spring_jwt.token
    ADD CONSTRAINT fke32ek7ixanakfqsdaokm4q9y2 FOREIGN KEY (user_id) REFERENCES spring_jwt."user"(id);


--
-- TOC entry 4694 (class 2606 OID 321867)
-- Name: favorite fkh3f2dg11ibnht4fvnmx60jcif; Type: FK CONSTRAINT; Schema: spring_jwt; Owner: postgres
--

ALTER TABLE ONLY spring_jwt.favorite
    ADD CONSTRAINT fkh3f2dg11ibnht4fvnmx60jcif FOREIGN KEY (user_id) REFERENCES spring_jwt."user"(id);


--
-- TOC entry 4696 (class 2606 OID 321877)
-- Name: track fknebkq7qmpex9wivvxbfqtlkl4; Type: FK CONSTRAINT; Schema: spring_jwt; Owner: postgres
--

ALTER TABLE ONLY spring_jwt.track
    ADD CONSTRAINT fknebkq7qmpex9wivvxbfqtlkl4 FOREIGN KEY (playlist_id) REFERENCES spring_jwt.playlist(id);


-- Completed on 2024-10-23 15:50:59

--
-- PostgreSQL database dump complete
--

